"hitid"	"hittypeid"	"title"	"description"	"keywords"	"reward"	"creationtime"	"assignments"	"numavailable"	"numpending"	"numcomplete"	"hitstatus"	"reviewstatus"	"annotation"	"assignmentduration"	"autoapprovaldelay"	"hitlifetime"	"viewhit"	"assignmentid"	"workerid"	"assignmentstatus"	"autoapprovaltime"	"assignmentaccepttime"	"assignmentsubmittime"	"assignmentapprovaltime"	"assignmentrejecttime"	"deadline"	"feedback"	"reject"	"Answer.item"	"Answer.target_property"	"Answer.distractor_property"	"Answer.target_position"	"Answer.distractor_position"	"Answer.target_frequency"	"Answer.familiarization_cond"	"Answer.level"	"Answer.participant_response_type_condition"	"Answer.participant_feature_count_condition"	"Answer.linguistic_framing_condition"	"Answer.target_filler_sequence_condition"	"Answer.question_type_condition"	"Answer.manip_check_target"	"Answer.manip_check_dist"	"Answer.manip_check_foil"	"Answer.name_check_correct"	"Answer.choice"	"Answer.choice_correct"	"Answer.money_allocated_to_foil"	"Answer.money_allocated_to_target"	"Answer.money_allocated_to_logical"	"Answer.Likert_value_foil"	"Answer.Likert_value_target"	"Answer.Likert_value_logical"	"Answer.about"	"Answer.comment"	"Answer.age"	"Answer.gender"	"Answer.matrix_number"	"Answer.familiarization_present_in_study"	"Answer.top_question_order"	"Answer.middle_question_order"	"Answer.bottom_question_order"	"Answer.image_version"	"Answer.hand_position"	"Answer.object_1_items"	"Answer.object_2_items"	"Answer.object_3_items"	"Answer.object_4_items"	"Answer.position_chosen"	"Answer.items_chosen"
"3UOMW19E6D6W8ZTACL16N3BU6KE5CT"	"3LJ9P5KQ15GVMWDO317A8Q2HQ16YTX"	"What is he talking about? (1-2 mins)"	"Short and fun! A 1-2 minute word game about what someone is talking about."	"experiment, psychology, game"	"$0.25"	"Mon Mar 23 16:11:10 EDT 2015"	"50"	"0"	"0"	"0"	"Reviewable"	"NotReviewed"	"1 scales"	"600"	"60000"	"Mon Mar 30 16:11:10 EDT 2015"	"https://requester.mturk.com/mturk/manageHIT?HITId=3UOMW19E6D6W8ZTACL16N3BU6KE5CT"	"3TS1AR6UQQELLZPXHIB6ID5FOD27FE"	"AVXKYQ00WLID2"	"Submitted"	"Tue Mar 24 08:52:37 EDT 2015"	"Mon Mar 23 16:11:40 EDT 2015"	"Mon Mar 23 16:12:37 EDT 2015"	""	""	""	""	""	"""Christmas tree"""	"""lights"""	"[""star"",""ornaments""]"	"[""middle1""]"	"[""right"",""left""]"	"0"	"-1"	"1"	"0"	"0"	"11"	"0"	"0"	"-1"	"-1"	"-1"	"""TRUE"""	"""distractor1"""	"""FALSE"""	"-1"	"-1"	"-1"	"-1"	"-1"	"-1"	"""Christmas Trees"""	""""""	"""18"""	"""f"""	"5"	"0"	"2"	"1"	"0"	"""5"""	"-1"	"""lights,ornaments,star,"""	"""lights,ornaments,"""	"""ornaments,"""	""""""	"""2"""	"""ornaments,"""
"3UOMW19E6D6W8ZTACL16N3BU6KE5CT"	"3LJ9P5KQ15GVMWDO317A8Q2HQ16YTX"	"What is he talking about? (1-2 mins)"	"Short and fun! A 1-2 minute word game about what someone is talking about."	"experiment, psychology, game"	"$0.25"	"Mon Mar 23 16:11:10 EDT 2015"	"50"	"0"	"0"	"0"	"Reviewable"	"NotReviewed"	"1 scales"	"600"	"60000"	"Mon Mar 30 16:11:10 EDT 2015"	"https://requester.mturk.com/mturk/manageHIT?HITId=3UOMW19E6D6W8ZTACL16N3BU6KE5CT"	"3DYGAII7PL87IUJ6RKGHUY0EV9GQPX"	"A1I9ZBV75AVWUS"	"Submitted"	"Tue Mar 24 08:52:38 EDT 2015"	"Mon Mar 23 16:11:34 EDT 2015"	"Mon Mar 23 16:12:38 EDT 2015"	""	""	""	""	""	"""Christmas tree"""	"""star"""	"[""presents"",""ornaments"",""lights""]"	"[""middle1""]"	"[""right"",""left""]"	"0"	"-1"	"2"	"0"	"0"	"11"	"0"	"0"	"-1"	"-1"	"-1"	"""TRUE"""	"""target"""	"""TRUE"""	"-1"	"-1"	"-1"	"-1"	"-1"	"-1"	"""How people identify christmas trees"""	"""None I can think of"""	"""30"""	"""m"""	"8"	"0"	"2"	"1"	"0"	"""5"""	"-1"	"""lights,ornaments,star,presents,"""	"""lights,star,"""	"""lights,ornaments,star,"""	""""""	"""1"""	"""lights,star,"""
"3UOMW19E6D6W8ZTACL16N3BU6KE5CT"	"3LJ9P5KQ15GVMWDO317A8Q2HQ16YTX"	"What is he talking about? (1-2 mins)"	"Short and fun! A 1-2 minute word game about what someone is talking about."	"experiment, psychology, game"	"$0.25"	"Mon Mar 23 16:11:10 EDT 2015"	"50"	"0"	"0"	"0"	"Reviewable"	"NotReviewed"	"1 scales"	"600"	"60000"	"Mon Mar 30 16:11:10 EDT 2015"	"https://requester.mturk.com/mturk/manageHIT?HITId=3UOMW19E6D6W8ZTACL16N3BU6KE5CT"	"3DBQWDE4Y6YIMNOVRDFMSY0SZYTN5M"	"A3LUZLEFDMDU1J"	"Submitted"	"Tue Mar 24 08:52:44 EDT 2015"	"Mon Mar 23 16:11:54 EDT 2015"	"Mon Mar 23 16:12:44 EDT 2015"	""	""	""	""	""	"""friend"""	"""glasses"""	"[""mustache"",""hat""]"	"[""middle1""]"	"[""left"",""right""]"	"0"	"-1"	"1"	"0"	"0"	"11"	"0"	"0"	"-1"	"-1"	"-1"	"""TRUE"""	"""target"""	"""TRUE"""	"-1"	"-1"	"-1"	"-1"	"-1"	"-1"	"""Remembering"""	""""""	"""28"""	"""f"""	"5"	"0"	"0"	"1"	"2"	"""5"""	"-1"	"""hat,"""	"""hat,glasses,"""	"""hat,glasses,mustache,"""	""""""	"""1"""	"""hat,glasses,"""
"3UOMW19E6D6W8ZTACL16N3BU6KE5CT"	"3LJ9P5KQ15GVMWDO317A8Q2HQ16YTX"	"What is he talking about? (1-2 mins)"	"Short and fun! A 1-2 minute word game about what someone is talking about."	"experiment, psychology, game"	"$0.25"	"Mon Mar 23 16:11:10 EDT 2015"	"50"	"0"	"0"	"0"	"Reviewable"	"NotReviewed"	"1 scales"	"600"	"60000"	"Mon Mar 30 16:11:10 EDT 2015"	"https://requester.mturk.com/mturk/manageHIT?HITId=3UOMW19E6D6W8ZTACL16N3BU6KE5CT"	"3WJ1OXY92AGUPMD8G7HKICQJ2HVA8R"	"ANNDXBGYWXV4Y"	"Submitted"	"Tue Mar 24 08:52:58 EDT 2015"	"Mon Mar 23 16:11:35 EDT 2015"	"Mon Mar 23 16:12:58 EDT 2015"	""	""	""	""	""	"""snowman"""	"""hat"""	"[""belt"",""mittens"",""scarf""]"	"[""middle2"",""middle1""]"	"[""right"",""left""]"	"0"	"-1"	"2"	"0"	"0"	"11"	"0"	"0"	"-1"	"-1"	"-1"	"""TRUE"""	"""target"""	"""TRUE"""	"-1"	"-1"	"-1"	"-1"	"-1"	"-1"	"""Bob and what snowman he will decorate next because he can't communicate well"""	""""""	"""27"""	"""F"""	"9"	"0"	"2"	"1"	"0"	"""5"""	"-1"	"""hat,scarf,mittens,belt,"""	"""hat,scarf,"""	"""hat,scarf,"""	"""hat,scarf,mittens,"""	"""2"""	"""hat,scarf,"""
"3UOMW19E6D6W8ZTACL16N3BU6KE5CT"	"3LJ9P5KQ15GVMWDO317A8Q2HQ16YTX"	"What is he talking about? (1-2 mins)"	"Short and fun! A 1-2 minute word game about what someone is talking about."	"experiment, psychology, game"	"$0.25"	"Mon Mar 23 16:11:10 EDT 2015"	"50"	"0"	"0"	"0"	"Reviewable"	"NotReviewed"	"1 scales"	"600"	"60000"	"Mon Mar 30 16:11:10 EDT 2015"	"https://requester.mturk.com/mturk/manageHIT?HITId=3UOMW19E6D6W8ZTACL16N3BU6KE5CT"	"33NF62TLXJ2PLGIDJ2R01G2TN4JKJ0"	"A21XD6CWE1JNMQ"	"Submitted"	"Tue Mar 24 08:53:01 EDT 2015"	"Mon Mar 23 16:11:57 EDT 2015"	"Mon Mar 23 16:13:01 EDT 2015"	""	""	""	""	""	"""pizza"""	"""olives"""	"[""mushrooms"",""peppers"",""sausage""]"	"[""left"",""middle1""]"	"[""right"",""middle2""]"	"0"	"-1"	"2"	"0"	"0"	"11"	"0"	"0"	"-1"	"-1"	"-1"	"""TRUE"""	"""distractor2"""	"""FALSE"""	"-1"	"-1"	"-1"	"-1"	"-1"	"-1"	"""research"""	"""Simple and easy"""	"""25"""	"""m"""	"9"	"0"	"1"	"0"	"2"	"""5"""	"-1"	"""olives,sausage,"""	"""olives,sausage,"""	"""mushrooms,olives,peppers,sausage,"""	"""olives,peppers,sausage,"""	"""2"""	"""mushrooms,olives,peppers,sausage,"""
"3UOMW19E6D6W8ZTACL16N3BU6KE5CT"	"3LJ9P5KQ15GVMWDO317A8Q2HQ16YTX"	"What is he talking about? (1-2 mins)"	"Short and fun! A 1-2 minute word game about what someone is talking about."	"experiment, psychology, game"	"$0.25"	"Mon Mar 23 16:11:10 EDT 2015"	"50"	"0"	"0"	"0"	"Reviewable"	"NotReviewed"	"1 scales"	"600"	"60000"	"Mon Mar 30 16:11:10 EDT 2015"	"https://requester.mturk.com/mturk/manageHIT?HITId=3UOMW19E6D6W8ZTACL16N3BU6KE5CT"	"3PQ8K71NHXK88A6ND51YE3WES5VAAV"	"A1A3TGZ7DKJWRW"	"Submitted"	"Tue Mar 24 08:53:37 EDT 2015"	"Mon Mar 23 16:12:05 EDT 2015"	"Mon Mar 23 16:13:37 EDT 2015"	""	""	""	""	""	"""boat"""	"""sail"""	"[""motor"",""cabin"",""flag""]"	"[""middle1""]"	"[""left"",""right""]"	"0"	"-1"	"1"	"0"	"0"	"11"	"0"	"0"	"-1"	"-1"	"-1"	"""TRUE"""	"""target"""	"""TRUE"""	"-1"	"-1"	"-1"	"-1"	"-1"	"-1"	"""I have no idea"""	"""None"""	"""25"""	"""m"""	"8"	"0"	"1"	"2"	"0"	"""5"""	"-1"	"""cabin,flag,"""	"""cabin,sail,flag,"""	"""cabin,sail,motor,flag,"""	""""""	"""1"""	"""cabin,sail,flag,"""
"3UOMW19E6D6W8ZTACL16N3BU6KE5CT"	"3LJ9P5KQ15GVMWDO317A8Q2HQ16YTX"	"What is he talking about? (1-2 mins)"	"Short and fun! A 1-2 minute word game about what someone is talking about."	"experiment, psychology, game"	"$0.25"	"Mon Mar 23 16:11:10 EDT 2015"	"50"	"0"	"0"	"0"	"Reviewable"	"NotReviewed"	"1 scales"	"600"	"60000"	"Mon Mar 30 16:11:10 EDT 2015"	"https://requester.mturk.com/mturk/manageHIT?HITId=3UOMW19E6D6W8ZTACL16N3BU6KE5CT"	"3Z2R0DQ0JHEMTKSVGVA544371W12EB"	"A2QJRXQF6VVOQ8"	"Submitted"	"Tue Mar 24 08:53:49 EDT 2015"	"Mon Mar 23 16:12:21 EDT 2015"	"Mon Mar 23 16:13:49 EDT 2015"	""	""	""	""	""	"""Christmas tree"""	"""lights"""	"[""ornaments"",""star""]"	"[""middle1"",""left""]"	"[""middle2"",""right""]"	"0"	"-1"	"2"	"0"	"0"	"11"	"0"	"0"	"-1"	"-1"	"-1"	"""TRUE"""	"""distractor1"""	"""FALSE"""	"-1"	"-1"	"-1"	"-1"	"-1"	"-1"	"""implicit associations with christmas trees?"""	"""confusing task"""	"""25"""	"""f"""	"6"	"0"	"1"	"2"	"0"	"""5"""	"-1"	"""lights,"""	"""lights,"""	"""lights,star,"""	"""lights,ornaments,star,"""	"""2"""	"""lights,star,"""
"3UOMW19E6D6W8ZTACL16N3BU6KE5CT"	"3LJ9P5KQ15GVMWDO317A8Q2HQ16YTX"	"What is he talking about? (1-2 mins)"	"Short and fun! A 1-2 minute word game about what someone is talking about."	"experiment, psychology, game"	"$0.25"	"Mon Mar 23 16:11:10 EDT 2015"	"50"	"0"	"0"	"0"	"Reviewable"	"NotReviewed"	"1 scales"	"600"	"60000"	"Mon Mar 30 16:11:10 EDT 2015"	"https://requester.mturk.com/mturk/manageHIT?HITId=3UOMW19E6D6W8ZTACL16N3BU6KE5CT"	"339ANSOTR52TQ5Y71K60PFNTAPUKIO"	"A31Z5TPD8QKE26"	"Submitted"	"Tue Mar 24 08:54:40 EDT 2015"	"Mon Mar 23 16:11:41 EDT 2015"	"Mon Mar 23 16:14:40 EDT 2015"	""	""	""	""	""	"""boat"""	"""cabin"""	"[""sail"",""motor""]"	"[""right""]"	"[""middle1"",""left""]"	"0"	"-1"	"1"	"0"	"0"	"11"	"0"	"0"	"-1"	"-1"	"-1"	"""TRUE"""	"""distractor2"""	"""FALSE"""	"-1"	"-1"	"-1"	"-1"	"-1"	"-1"	"""sailboats"""	"""Bob said something about christmas trees but yet you wanted me to pick a boat.  I don't understand the point."""	"""30"""	"""m"""	"5"	"0"	"2"	"0"	"1"	"""5"""	"-1"	"""cabin,sail,motor,"""	"""motor,"""	"""cabin,motor,"""	""""""	"""0"""	"""cabin,sail,motor,"""
"3UOMW19E6D6W8ZTACL16N3BU6KE5CT"	"3LJ9P5KQ15GVMWDO317A8Q2HQ16YTX"	"What is he talking about? (1-2 mins)"	"Short and fun! A 1-2 minute word game about what someone is talking about."	"experiment, psychology, game"	"$0.25"	"Mon Mar 23 16:11:10 EDT 2015"	"50"	"0"	"0"	"0"	"Reviewable"	"NotReviewed"	"1 scales"	"600"	"60000"	"Mon Mar 30 16:11:10 EDT 2015"	"https://requester.mturk.com/mturk/manageHIT?HITId=3UOMW19E6D6W8ZTACL16N3BU6KE5CT"	"3Z9WI9EOZZOTUANNV2OFP3MEACFKHV"	"A3V4JW77WA5TRK"	"Submitted"	"Tue Mar 24 08:56:42 EDT 2015"	"Mon Mar 23 16:11:32 EDT 2015"	"Mon Mar 23 16:16:42 EDT 2015"	""	""	""	""	""	"""snowman"""	"""scarf"""	"[""hat"",""mittens""]"	"[""middle1""]"	"[""left"",""right""]"	"0"	"-1"	"2"	"0"	"0"	"11"	"0"	"0"	"-1"	"-1"	"-1"	"""TRUE"""	"""distractor2"""	"""FALSE"""	"-1"	"-1"	"-1"	"-1"	"-1"	"-1"	"""Snowmen and Christmas Trees"""	"""Nope"""	"""21"""	"""M"""	"5"	"0"	"1"	"2"	"0"	"""5"""	"-1"	"""scarf,mittens,"""	"""scarf,"""	"""hat,scarf,mittens,"""	""""""	"""2"""	"""hat,scarf,mittens,"""
"3UOMW19E6D6W8ZTACL16N3BU6KE5CT"	"3LJ9P5KQ15GVMWDO317A8Q2HQ16YTX"	"What is he talking about? (1-2 mins)"	"Short and fun! A 1-2 minute word game about what someone is talking about."	"experiment, psychology, game"	"$0.25"	"Mon Mar 23 16:11:10 EDT 2015"	"50"	"0"	"0"	"0"	"Reviewable"	"NotReviewed"	"1 scales"	"600"	"60000"	"Mon Mar 30 16:11:10 EDT 2015"	"https://requester.mturk.com/mturk/manageHIT?HITId=3UOMW19E6D6W8ZTACL16N3BU6KE5CT"	"3GS6S824SQXCZ63FNE2VIYD5JVWWNB"	"A1OIFF80GL30OV"	"Submitted"	"Tue Mar 24 08:57:21 EDT 2015"	"Mon Mar 23 16:15:30 EDT 2015"	"Mon Mar 23 16:17:21 EDT 2015"	""	""	""	""	""	"""boat"""	"""cabin"""	"[""motor"",""sail""]"	"[""right""]"	"[""middle1"",""left""]"	"0"	"-1"	"2"	"0"	"0"	"11"	"0"	"0"	"-1"	"-1"	"-1"	"""TRUE"""	"""distractor1"""	"""FALSE"""	"-1"	"-1"	"-1"	"-1"	"-1"	"-1"	"""Guessing which boat Bob would be most likely to rent."""	"""Very confusing questions, I don't know what the Christmas tree trimming had to do with anything."""	"""27"""	"""m"""	"5"	"0"	"1"	"2"	"0"	"""5"""	"-1"	"""cabin,sail,motor,"""	"""cabin,sail,"""	"""cabin,"""	""""""	"""1"""	"""cabin,sail,"""
"3UOMW19E6D6W8ZTACL16N3BU6KE5CT"	"3LJ9P5KQ15GVMWDO317A8Q2HQ16YTX"	"What is he talking about? (1-2 mins)"	"Short and fun! A 1-2 minute word game about what someone is talking about."	"experiment, psychology, game"	"$0.25"	"Mon Mar 23 16:11:10 EDT 2015"	"50"	"0"	"0"	"0"	"Reviewable"	"NotReviewed"	"1 scales"	"600"	"60000"	"Mon Mar 30 16:11:10 EDT 2015"	"https://requester.mturk.com/mturk/manageHIT?HITId=3UOMW19E6D6W8ZTACL16N3BU6KE5CT"	"3TXD01ZLD4HDLU44A98Y11M87YR4UQ"	"A31O5XYX80XD21"	"Submitted"	"Tue Mar 24 08:57:29 EDT 2015"	"Mon Mar 23 16:16:35 EDT 2015"	"Mon Mar 23 16:17:29 EDT 2015"	""	""	""	""	""	"""Christmas tree"""	"""ornaments"""	"[""star"",""lights""]"	"[""middle1""]"	"[""left"",""right"",""middle2""]"	"0"	"-1"	"1"	"0"	"0"	"11"	"0"	"0"	"-1"	"-1"	"-1"	"""TRUE"""	"""target"""	"""TRUE"""	"-1"	"-1"	"-1"	"-1"	"-1"	"-1"	"""to figure out what bob said"""	""""""	"""25"""	"""m"""	"6"	"0"	"2"	"1"	"0"	"""5"""	"-1"	"""lights,"""	"""lights,ornaments,"""	"""lights,ornaments,star,"""	"""lights,"""	"""1"""	"""lights,ornaments,"""
"3UOMW19E6D6W8ZTACL16N3BU6KE5CT"	"3LJ9P5KQ15GVMWDO317A8Q2HQ16YTX"	"What is he talking about? (1-2 mins)"	"Short and fun! A 1-2 minute word game about what someone is talking about."	"experiment, psychology, game"	"$0.25"	"Mon Mar 23 16:11:10 EDT 2015"	"50"	"0"	"0"	"0"	"Reviewable"	"NotReviewed"	"1 scales"	"600"	"60000"	"Mon Mar 30 16:11:10 EDT 2015"	"https://requester.mturk.com/mturk/manageHIT?HITId=3UOMW19E6D6W8ZTACL16N3BU6KE5CT"	"354P56DE9K3UP4UJN2B5PCOUD3W7SX"	"A27LGC4MU1R7PQ"	"Submitted"	"Tue Mar 24 08:57:51 EDT 2015"	"Mon Mar 23 16:15:27 EDT 2015"	"Mon Mar 23 16:17:51 EDT 2015"	""	""	""	""	""	"""sundae"""	"""chocolate"""	"[""sprinkles"",""cherry"",""whipped cream""]"	"[""left""]"	"[""right"",""middle1""]"	"0"	"-1"	"2"	"0"	"0"	"11"	"0"	"0"	"-1"	"-1"	"-1"	"""TRUE"""	"""distractor2"""	"""FALSE"""	"-1"	"-1"	"-1"	"-1"	"-1"	"-1"	"""inferring meaning"""	"""no"""	"""25"""	"""m"""	"8"	"0"	"0"	"2"	"1"	"""5"""	"-1"	"""whipped cream,chocolate,"""	"""cherry,whipped cream,chocolate,sprinkles,"""	"""cherry,whipped cream,chocolate,"""	""""""	"""1"""	"""cherry,whipped cream,chocolate,sprinkles,"""
"3UOMW19E6D6W8ZTACL16N3BU6KE5CT"	"3LJ9P5KQ15GVMWDO317A8Q2HQ16YTX"	"What is he talking about? (1-2 mins)"	"Short and fun! A 1-2 minute word game about what someone is talking about."	"experiment, psychology, game"	"$0.25"	"Mon Mar 23 16:11:10 EDT 2015"	"50"	"0"	"0"	"0"	"Reviewable"	"NotReviewed"	"1 scales"	"600"	"60000"	"Mon Mar 30 16:11:10 EDT 2015"	"https://requester.mturk.com/mturk/manageHIT?HITId=3UOMW19E6D6W8ZTACL16N3BU6KE5CT"	"3GLB5JMZFXV7G8M2JFKA0QFNB34GDE"	"A25D66AC4QUW2U"	"Submitted"	"Tue Mar 24 08:58:00 EDT 2015"	"Mon Mar 23 16:11:48 EDT 2015"	"Mon Mar 23 16:18:00 EDT 2015"	""	""	""	""	""	"""sundae"""	"""whipped cream"""	"[""cherry"",""chocolate"",""sprinkles""]"	"[""left""]"	"[""middle2"",""middle1"",""right""]"	"0"	"-1"	"1"	"0"	"0"	"11"	"0"	"0"	"-1"	"-1"	"-1"	"""TRUE"""	"""distractor3"""	"""FALSE"""	"-1"	"-1"	"-1"	"-1"	"-1"	"-1"	"""I don't know."""	""""""	"""57"""	"""Female"""	"9"	"0"	"1"	"0"	"2"	"""5"""	"-1"	"""whipped cream,chocolate,sprinkles,"""	"""chocolate,sprinkles,"""	"""chocolate,sprinkles,"""	"""cherry,whipped cream,chocolate,sprinkles,"""	"""3"""	"""cherry,whipped cream,chocolate,sprinkles,"""
"3UOMW19E6D6W8ZTACL16N3BU6KE5CT"	"3LJ9P5KQ15GVMWDO317A8Q2HQ16YTX"	"What is he talking about? (1-2 mins)"	"Short and fun! A 1-2 minute word game about what someone is talking about."	"experiment, psychology, game"	"$0.25"	"Mon Mar 23 16:11:10 EDT 2015"	"50"	"0"	"0"	"0"	"Reviewable"	"NotReviewed"	"1 scales"	"600"	"60000"	"Mon Mar 30 16:11:10 EDT 2015"	"https://requester.mturk.com/mturk/manageHIT?HITId=3UOMW19E6D6W8ZTACL16N3BU6KE5CT"	"3RJSC4XJ10UF1RWOQ7DOHM4FR5J05P"	"A27O2IILV3S5YS"	"Submitted"	"Tue Mar 24 08:58:05 EDT 2015"	"Mon Mar 23 16:16:26 EDT 2015"	"Mon Mar 23 16:18:05 EDT 2015"	""	""	""	""	""	"""friend"""	"""glasses"""	"[""hat"",""bowtie"",""mustache""]"	"[""middle1""]"	"[""right"",""left"",""middle2""]"	"0"	"-1"	"1"	"0"	"0"	"11"	"0"	"0"	"-1"	"-1"	"-1"	"""TRUE"""	"""distractor3"""	"""FALSE"""	"-1"	"-1"	"-1"	"-1"	"-1"	"-1"	"""cognitive skill"""	"""Thank you"""	"""33"""	"""F"""	"9"	"0"	"2"	"0"	"1"	"""5"""	"-1"	"""mustache,bowtie,"""	"""glasses,mustache,bowtie,"""	"""hat,glasses,mustache,bowtie,"""	"""mustache,bowtie,"""	"""2"""	"""hat,glasses,mustache,bowtie,"""
"3UOMW19E6D6W8ZTACL16N3BU6KE5CT"	"3LJ9P5KQ15GVMWDO317A8Q2HQ16YTX"	"What is he talking about? (1-2 mins)"	"Short and fun! A 1-2 minute word game about what someone is talking about."	"experiment, psychology, game"	"$0.25"	"Mon Mar 23 16:11:10 EDT 2015"	"50"	"0"	"0"	"0"	"Reviewable"	"NotReviewed"	"1 scales"	"600"	"60000"	"Mon Mar 30 16:11:10 EDT 2015"	"https://requester.mturk.com/mturk/manageHIT?HITId=3UOMW19E6D6W8ZTACL16N3BU6KE5CT"	"3PZDLQMM0TL7WM8HK44AEG34GKO2CI"	"AEFZ7E5M1QZ0P"	"Submitted"	"Tue Mar 24 08:58:06 EDT 2015"	"Mon Mar 23 16:11:32 EDT 2015"	"Mon Mar 23 16:18:06 EDT 2015"	""	""	""	""	""	"""Christmas tree"""	"""star"""	"[""ornaments"",""presents"",""lights""]"	"[""left"",""right""]"	"[""middle1"",""middle2""]"	"0"	"-1"	"2"	"0"	"0"	"11"	"0"	"0"	"-1"	"-1"	"-1"	"""TRUE"""	"""distractor2"""	"""FALSE"""	"-1"	"-1"	"-1"	"-1"	"-1"	"-1"	"""Bob and his tree trimming. """	"""Thank you! =)"""	"""23"""	"""Male"""	"9"	"0"	"2"	"1"	"0"	"""5"""	"-1"	"""lights,star,"""	"""lights,star,presents,"""	"""lights,ornaments,star,presents,"""	"""lights,star,"""	"""2"""	"""lights,ornaments,star,presents,"""
"3UOMW19E6D6W8ZTACL16N3BU6KE5CT"	"3LJ9P5KQ15GVMWDO317A8Q2HQ16YTX"	"What is he talking about? (1-2 mins)"	"Short and fun! A 1-2 minute word game about what someone is talking about."	"experiment, psychology, game"	"$0.25"	"Mon Mar 23 16:11:10 EDT 2015"	"50"	"0"	"0"	"0"	"Reviewable"	"NotReviewed"	"1 scales"	"600"	"60000"	"Mon Mar 30 16:11:10 EDT 2015"	"https://requester.mturk.com/mturk/manageHIT?HITId=3UOMW19E6D6W8ZTACL16N3BU6KE5CT"	"3KB8R4ZV1E7E1BOI5JT450RN8ISGB7"	"AAXYYH9MI3PJM"	"Submitted"	"Tue Mar 24 08:58:36 EDT 2015"	"Mon Mar 23 16:11:35 EDT 2015"	"Mon Mar 23 16:18:36 EDT 2015"	""	""	""	""	""	"""friend"""	"""glasses"""	"[""hat"",""mustache""]"	"[""middle1"",""left""]"	"[""middle2"",""right""]"	"0"	"-1"	"2"	"0"	"0"	"11"	"0"	"0"	"-1"	"-1"	"-1"	"""TRUE"""	"""distractor2"""	"""FALSE"""	"-1"	"-1"	"-1"	"-1"	"-1"	"-1"	"""Mumbling"""	"""no"""	"""29"""	"""m"""	"6"	"0"	"1"	"0"	"2"	"""5"""	"-1"	"""glasses,"""	"""glasses,"""	"""glasses,mustache,"""	"""hat,glasses,mustache,"""	"""3"""	"""hat,glasses,mustache,"""
"3UOMW19E6D6W8ZTACL16N3BU6KE5CT"	"3LJ9P5KQ15GVMWDO317A8Q2HQ16YTX"	"What is he talking about? (1-2 mins)"	"Short and fun! A 1-2 minute word game about what someone is talking about."	"experiment, psychology, game"	"$0.25"	"Mon Mar 23 16:11:10 EDT 2015"	"50"	"0"	"0"	"0"	"Reviewable"	"NotReviewed"	"1 scales"	"600"	"60000"	"Mon Mar 30 16:11:10 EDT 2015"	"https://requester.mturk.com/mturk/manageHIT?HITId=3UOMW19E6D6W8ZTACL16N3BU6KE5CT"	"3LKC68YZ3A3UHR3ROT28XNDA951WOQ"	"A6JKKANO7F4KD"	"Submitted"	"Tue Mar 24 08:58:36 EDT 2015"	"Mon Mar 23 16:16:18 EDT 2015"	"Mon Mar 23 16:18:36 EDT 2015"	""	""	""	""	""	"""boat"""	"""sail"""	"[""motor"",""cabin""]"	"[""middle1""]"	"[""left"",""right""]"	"0"	"-1"	"1"	"0"	"0"	"11"	"0"	"0"	"-1"	"-1"	"-1"	"""TRUE"""	"""distractor1"""	"""FALSE"""	"-1"	"-1"	"-1"	"-1"	"-1"	"-1"	"""trying to figure out which boat Bob was talking about """	"""Bob's comment mentioned trimming Christmas trees, but not boats"""	"""53"""	"""m"""	"5"	"0"	"1"	"0"	"2"	"""5"""	"-1"	"""cabin,"""	"""cabin,sail,"""	"""cabin,sail,motor,"""	""""""	"""0"""	"""cabin,"""
"3UOMW19E6D6W8ZTACL16N3BU6KE5CT"	"3LJ9P5KQ15GVMWDO317A8Q2HQ16YTX"	"What is he talking about? (1-2 mins)"	"Short and fun! A 1-2 minute word game about what someone is talking about."	"experiment, psychology, game"	"$0.25"	"Mon Mar 23 16:11:10 EDT 2015"	"50"	"0"	"0"	"0"	"Reviewable"	"NotReviewed"	"1 scales"	"600"	"60000"	"Mon Mar 30 16:11:10 EDT 2015"	"https://requester.mturk.com/mturk/manageHIT?HITId=3UOMW19E6D6W8ZTACL16N3BU6KE5CT"	"3W92K5RLWUHVUSX4T41D2FU5L1VV5B"	"A90EUEJZWM3SW"	"Submitted"	"Tue Mar 24 08:59:58 EDT 2015"	"Mon Mar 23 16:18:02 EDT 2015"	"Mon Mar 23 16:19:58 EDT 2015"	""	""	""	""	""	"""pizza"""	"""sausage"""	"[""peppers"",""mushrooms"",""olives""]"	"[""right""]"	"[""middle1"",""middle2"",""left""]"	"0"	"-1"	"1"	"0"	"0"	"11"	"0"	"0"	"-1"	"-1"	"-1"	"""TRUE"""	"""distractor2"""	"""FALSE"""	"-1"	"-1"	"-1"	"-1"	"-1"	"-1"	"""WHAT PIZZA BOB WANTED"""	""""""	""""""	"""FEMALE"""	"9"	"0"	"2"	"0"	"1"	"""5"""	"-1"	"""mushrooms,olives,peppers,sausage,"""	"""mushrooms,olives,"""	"""mushrooms,olives,"""	"""mushrooms,olives,sausage,"""	"""2"""	"""mushrooms,olives,"""
"3UOMW19E6D6W8ZTACL16N3BU6KE5CT"	"3LJ9P5KQ15GVMWDO317A8Q2HQ16YTX"	"What is he talking about? (1-2 mins)"	"Short and fun! A 1-2 minute word game about what someone is talking about."	"experiment, psychology, game"	"$0.25"	"Mon Mar 23 16:11:10 EDT 2015"	"50"	"0"	"0"	"0"	"Reviewable"	"NotReviewed"	"1 scales"	"600"	"60000"	"Mon Mar 30 16:11:10 EDT 2015"	"https://requester.mturk.com/mturk/manageHIT?HITId=3UOMW19E6D6W8ZTACL16N3BU6KE5CT"	"3WS1NTTKEYC73OPDWJQX3YVSGZX0F8"	"A115UFR6VA6OM1"	"Submitted"	"Tue Mar 24 09:00:20 EDT 2015"	"Mon Mar 23 16:19:13 EDT 2015"	"Mon Mar 23 16:20:20 EDT 2015"	""	""	""	""	""	"""boat"""	"""motor"""	"[""cabin"",""sail""]"	"[""middle1""]"	"[""left"",""right""]"	"0"	"-1"	"2"	"0"	"0"	"11"	"0"	"0"	"-1"	"-1"	"-1"	"""TRUE"""	"""distractor1"""	"""FALSE"""	"-1"	"-1"	"-1"	"-1"	"-1"	"-1"	"""bob likes to sail boats"""	"""no"""	"""59"""	"""f"""	"5"	"0"	"2"	"0"	"1"	"""5"""	"-1"	"""sail,motor,"""	"""motor,"""	"""cabin,sail,motor,"""	""""""	"""0"""	"""sail,motor,"""
"3UOMW19E6D6W8ZTACL16N3BU6KE5CT"	"3LJ9P5KQ15GVMWDO317A8Q2HQ16YTX"	"What is he talking about? (1-2 mins)"	"Short and fun! A 1-2 minute word game about what someone is talking about."	"experiment, psychology, game"	"$0.25"	"Mon Mar 23 16:11:10 EDT 2015"	"50"	"0"	"0"	"0"	"Reviewable"	"NotReviewed"	"1 scales"	"600"	"60000"	"Mon Mar 30 16:11:10 EDT 2015"	"https://requester.mturk.com/mturk/manageHIT?HITId=3UOMW19E6D6W8ZTACL16N3BU6KE5CT"	"33F859I566DS17JTPPBMQ03ONI7BH3"	"A1Z048705962W6"	"Submitted"	"Tue Mar 24 09:01:45 EDT 2015"	"Mon Mar 23 16:21:12 EDT 2015"	"Mon Mar 23 16:21:45 EDT 2015"	""	""	""	""	""	"""pizza"""	"""olives"""	"[""peppers"",""mushrooms"",""sausage""]"	"[""left""]"	"[""middle1"",""right""]"	"0"	"-1"	"2"	"0"	"0"	"11"	"0"	"0"	"-1"	"-1"	"-1"	"""TRUE"""	"""distractor1"""	"""FALSE"""	"-1"	"-1"	"-1"	"-1"	"-1"	"-1"	"""Pizzas"""	"""None"""	"""25"""	"""f"""	"8"	"0"	"2"	"0"	"1"	"""5"""	"-1"	"""olives,sausage,"""	"""mushrooms,olives,sausage,"""	"""mushrooms,olives,peppers,sausage,"""	""""""	"""1"""	"""mushrooms,olives,sausage,"""
"3UOMW19E6D6W8ZTACL16N3BU6KE5CT"	"3LJ9P5KQ15GVMWDO317A8Q2HQ16YTX"	"What is he talking about? (1-2 mins)"	"Short and fun! A 1-2 minute word game about what someone is talking about."	"experiment, psychology, game"	"$0.25"	"Mon Mar 23 16:11:10 EDT 2015"	"50"	"0"	"0"	"0"	"Reviewable"	"NotReviewed"	"1 scales"	"600"	"60000"	"Mon Mar 30 16:11:10 EDT 2015"	"https://requester.mturk.com/mturk/manageHIT?HITId=3UOMW19E6D6W8ZTACL16N3BU6KE5CT"	"3HMVI3QICJSDA4RQXSML6OLIR2SY15"	"A1R0689JPSQ3OF"	"Submitted"	"Tue Mar 24 09:01:48 EDT 2015"	"Mon Mar 23 16:20:11 EDT 2015"	"Mon Mar 23 16:21:48 EDT 2015"	""	""	""	""	""	"""pizza"""	"""sausage"""	"[""olives"",""mushrooms"",""peppers""]"	"[""left""]"	"[""middle1"",""middle2"",""right""]"	"0"	"-1"	"1"	"0"	"0"	"11"	"0"	"0"	"-1"	"-1"	"-1"	"""TRUE"""	"""distractor1"""	"""FALSE"""	"-1"	"-1"	"-1"	"-1"	"-1"	"-1"	"""pizza"""	"""no"""	"""41"""	"""m"""	"9"	"0"	"2"	"1"	"0"	"""5"""	"-1"	"""mushrooms,peppers,sausage,"""	"""mushrooms,peppers,"""	"""mushrooms,peppers,"""	"""mushrooms,olives,peppers,sausage,"""	"""1"""	"""mushrooms,peppers,"""
"3UOMW19E6D6W8ZTACL16N3BU6KE5CT"	"3LJ9P5KQ15GVMWDO317A8Q2HQ16YTX"	"What is he talking about? (1-2 mins)"	"Short and fun! A 1-2 minute word game about what someone is talking about."	"experiment, psychology, game"	"$0.25"	"Mon Mar 23 16:11:10 EDT 2015"	"50"	"0"	"0"	"0"	"Reviewable"	"NotReviewed"	"1 scales"	"600"	"60000"	"Mon Mar 30 16:11:10 EDT 2015"	"https://requester.mturk.com/mturk/manageHIT?HITId=3UOMW19E6D6W8ZTACL16N3BU6KE5CT"	"3X1FV8S5JXRTAPMOA0K46CLUBAAGVF"	"A39K9RKR1YHQOR"	"Submitted"	"Tue Mar 24 09:02:11 EDT 2015"	"Mon Mar 23 16:21:21 EDT 2015"	"Mon Mar 23 16:22:11 EDT 2015"	""	""	""	""	""	"""snowman"""	"""hat"""	"[""scarf"",""belt"",""mittens""]"	"[""right""]"	"[""middle1"",""left""]"	"0"	"-1"	"1"	"0"	"0"	"11"	"0"	"0"	"-1"	"-1"	"-1"	"""TRUE"""	"""distractor2"""	"""FALSE"""	"-1"	"-1"	"-1"	"-1"	"-1"	"-1"	"""Guessing what Bob was going to do next."""	"""There were no errors or technical issues."""	"""28"""	"""m"""	"8"	"0"	"0"	"2"	"1"	"""5"""	"-1"	"""hat,scarf,mittens,belt,"""	"""mittens,belt,"""	"""hat,mittens,belt,"""	""""""	"""0"""	"""hat,scarf,mittens,belt,"""
"3UOMW19E6D6W8ZTACL16N3BU6KE5CT"	"3LJ9P5KQ15GVMWDO317A8Q2HQ16YTX"	"What is he talking about? (1-2 mins)"	"Short and fun! A 1-2 minute word game about what someone is talking about."	"experiment, psychology, game"	"$0.25"	"Mon Mar 23 16:11:10 EDT 2015"	"50"	"0"	"0"	"0"	"Reviewable"	"NotReviewed"	"1 scales"	"600"	"60000"	"Mon Mar 30 16:11:10 EDT 2015"	"https://requester.mturk.com/mturk/manageHIT?HITId=3UOMW19E6D6W8ZTACL16N3BU6KE5CT"	"34Z02EIMISDHMT7ER3VMK2AT7850TG"	"A3JENDY17M92H7"	"Submitted"	"Tue Mar 24 09:04:09 EDT 2015"	"Mon Mar 23 16:23:06 EDT 2015"	"Mon Mar 23 16:24:09 EDT 2015"	""	""	""	""	""	"""friend"""	"""mustache"""	"[""bowtie"",""glasses"",""hat""]"	"[""left"",""middle1""]"	"[""middle2"",""right""]"	"0"	"-1"	"2"	"0"	"0"	"11"	"0"	"0"	"-1"	"-1"	"-1"	"""TRUE"""	"""distractor1"""	"""FALSE"""	"-1"	"-1"	"-1"	"-1"	"-1"	"-1"	"""Describing friend from one word"""	""""""	"""26"""	"""m"""	"9"	"0"	"1"	"0"	"2"	"""5"""	"-1"	"""hat,mustache,"""	"""hat,mustache,"""	"""hat,glasses,mustache,"""	"""hat,glasses,mustache,bowtie,"""	"""2"""	"""hat,glasses,mustache,"""
"3UOMW19E6D6W8ZTACL16N3BU6KE5CT"	"3LJ9P5KQ15GVMWDO317A8Q2HQ16YTX"	"What is he talking about? (1-2 mins)"	"Short and fun! A 1-2 minute word game about what someone is talking about."	"experiment, psychology, game"	"$0.25"	"Mon Mar 23 16:11:10 EDT 2015"	"50"	"0"	"0"	"0"	"Reviewable"	"NotReviewed"	"1 scales"	"600"	"60000"	"Mon Mar 30 16:11:10 EDT 2015"	"https://requester.mturk.com/mturk/manageHIT?HITId=3UOMW19E6D6W8ZTACL16N3BU6KE5CT"	"3IOEN3P9S7JBRKHKR9RTNX1PSS061E"	"A3MHYBS6PHJ5QG"	"Submitted"	"Tue Mar 24 09:04:21 EDT 2015"	"Mon Mar 23 16:22:58 EDT 2015"	"Mon Mar 23 16:24:21 EDT 2015"	""	""	""	""	""	"""snowman"""	"""mittens"""	"[""belt"",""scarf"",""hat""]"	"[""right""]"	"[""middle1"",""left"",""middle2""]"	"0"	"-1"	"1"	"0"	"0"	"11"	"0"	"0"	"-1"	"-1"	"-1"	"""TRUE"""	"""distractor3"""	"""FALSE"""	"-1"	"-1"	"-1"	"-1"	"-1"	"-1"	"""Communication skills and study. """	"""Very Interesting. Thank You"""	"""32"""	"""m"""	"9"	"0"	"2"	"1"	"0"	"""5"""	"-1"	"""hat,scarf,"""	"""hat,scarf,"""	"""hat,scarf,mittens,belt,"""	"""hat,scarf,mittens,"""	"""2"""	"""hat,scarf,mittens,belt,"""
"3UOMW19E6D6W8ZTACL16N3BU6KE5CT"	"3LJ9P5KQ15GVMWDO317A8Q2HQ16YTX"	"What is he talking about? (1-2 mins)"	"Short and fun! A 1-2 minute word game about what someone is talking about."	"experiment, psychology, game"	"$0.25"	"Mon Mar 23 16:11:10 EDT 2015"	"50"	"0"	"0"	"0"	"Reviewable"	"NotReviewed"	"1 scales"	"600"	"60000"	"Mon Mar 30 16:11:10 EDT 2015"	"https://requester.mturk.com/mturk/manageHIT?HITId=3UOMW19E6D6W8ZTACL16N3BU6KE5CT"	"3MH9DQ757WCTXAXO5AAZAQJBX3ZUG2"	"A2R656SH8NJ2IR"	"Submitted"	"Tue Mar 24 09:04:21 EDT 2015"	"Mon Mar 23 16:23:13 EDT 2015"	"Mon Mar 23 16:24:21 EDT 2015"	""	""	""	""	""	"""pizza"""	"""mushrooms"""	"[""olives"",""peppers"",""sausage""]"	"[""left"",""right""]"	"[""middle2"",""middle1""]"	"0"	"-1"	"2"	"0"	"0"	"11"	"0"	"0"	"-1"	"-1"	"-1"	"""TRUE"""	"""distractor1"""	"""FALSE"""	"-1"	"-1"	"-1"	"-1"	"-1"	"-1"	"""pizza"""	"""There was a typo in my question about pizzas - in one spot it referenced choosing Christmas trees and not pizzas"""	"""27"""	"""f"""	"9"	"0"	"1"	"2"	"0"	"""5"""	"-1"	"""mushrooms,sausage,"""	"""mushrooms,olives,peppers,sausage,"""	"""mushrooms,peppers,sausage,"""	"""mushrooms,sausage,"""	"""2"""	"""mushrooms,peppers,sausage,"""
"3UOMW19E6D6W8ZTACL16N3BU6KE5CT"	"3LJ9P5KQ15GVMWDO317A8Q2HQ16YTX"	"What is he talking about? (1-2 mins)"	"Short and fun! A 1-2 minute word game about what someone is talking about."	"experiment, psychology, game"	"$0.25"	"Mon Mar 23 16:11:10 EDT 2015"	"50"	"0"	"0"	"0"	"Reviewable"	"NotReviewed"	"1 scales"	"600"	"60000"	"Mon Mar 30 16:11:10 EDT 2015"	"https://requester.mturk.com/mturk/manageHIT?HITId=3UOMW19E6D6W8ZTACL16N3BU6KE5CT"	"3483FV8BEEJIG5ZGADR7SGBUKYE62V"	"A34SUZWGLXIWM8"	"Submitted"	"Tue Mar 24 09:05:05 EDT 2015"	"Mon Mar 23 16:22:59 EDT 2015"	"Mon Mar 23 16:25:05 EDT 2015"	""	""	""	""	""	"""friend"""	"""glasses"""	"[""bowtie"",""mustache"",""hat""]"	"[""middle1""]"	"[""middle2"",""right"",""left""]"	"0"	"-1"	"1"	"0"	"0"	"11"	"0"	"0"	"-1"	"-1"	"-1"	"""TRUE"""	"""distractor1"""	"""FALSE"""	"-1"	"-1"	"-1"	"-1"	"-1"	"-1"	"""I'm guessing it's about perception."""	"""Very unique."""	"""32"""	"""Male"""	"9"	"0"	"2"	"1"	"0"	"""5"""	"-1"	"""hat,glasses,mustache,bowtie,"""	"""hat,glasses,mustache,"""	"""hat,mustache,"""	"""hat,mustache,"""	"""2"""	"""hat,mustache,"""
"3UOMW19E6D6W8ZTACL16N3BU6KE5CT"	"3LJ9P5KQ15GVMWDO317A8Q2HQ16YTX"	"What is he talking about? (1-2 mins)"	"Short and fun! A 1-2 minute word game about what someone is talking about."	"experiment, psychology, game"	"$0.25"	"Mon Mar 23 16:11:10 EDT 2015"	"50"	"0"	"0"	"0"	"Reviewable"	"NotReviewed"	"1 scales"	"600"	"60000"	"Mon Mar 30 16:11:10 EDT 2015"	"https://requester.mturk.com/mturk/manageHIT?HITId=3UOMW19E6D6W8ZTACL16N3BU6KE5CT"	"3OONKJ5DKCJ2TO5GT26CA90PZ4LBOR"	"A3DYLO09WMSYPQ"	"Submitted"	"Tue Mar 24 09:05:31 EDT 2015"	"Mon Mar 23 16:23:53 EDT 2015"	"Mon Mar 23 16:25:31 EDT 2015"	""	""	""	""	""	"""pizza"""	"""olives"""	"[""peppers"",""mushrooms""]"	"[""right""]"	"[""left"",""middle1""]"	"0"	"-1"	"1"	"0"	"0"	"11"	"0"	"0"	"-1"	"-1"	"-1"	"""TRUE"""	"""distractor2"""	"""FALSE"""	"-1"	"-1"	"-1"	"-1"	"-1"	"-1"	"""I haven't the slightest idea!"""	""""""	"""30"""	"""m"""	"5"	"0"	"0"	"1"	"2"	"""5"""	"-1"	"""mushrooms,"""	"""mushrooms,olives,peppers,"""	"""mushrooms,olives,"""	""""""	"""1"""	"""mushrooms,olives,peppers,"""
"3UOMW19E6D6W8ZTACL16N3BU6KE5CT"	"3LJ9P5KQ15GVMWDO317A8Q2HQ16YTX"	"What is he talking about? (1-2 mins)"	"Short and fun! A 1-2 minute word game about what someone is talking about."	"experiment, psychology, game"	"$0.25"	"Mon Mar 23 16:11:10 EDT 2015"	"50"	"0"	"0"	"0"	"Reviewable"	"NotReviewed"	"1 scales"	"600"	"60000"	"Mon Mar 30 16:11:10 EDT 2015"	"https://requester.mturk.com/mturk/manageHIT?HITId=3UOMW19E6D6W8ZTACL16N3BU6KE5CT"	"3RANCT1ZVFHX6TPDPOIL9FSEHQ9BU4"	"A2HR7ZIX42FEPG"	"Submitted"	"Tue Mar 24 09:06:20 EDT 2015"	"Mon Mar 23 16:25:44 EDT 2015"	"Mon Mar 23 16:26:20 EDT 2015"	""	""	""	""	""	"""snowman"""	"""scarf"""	"[""hat"",""mittens""]"	"[""middle1""]"	"[""right"",""left""]"	"0"	"-1"	"2"	"0"	"0"	"11"	"0"	"0"	"-1"	"-1"	"-1"	"""TRUE"""	"""target"""	"""TRUE"""	"-1"	"-1"	"-1"	"-1"	"-1"	"-1"	"""bob and snowman"""	"""na"""	"""27"""	"""f"""	"5"	"0"	"0"	"1"	"2"	"""5"""	"-1"	"""hat,scarf,mittens,"""	"""scarf,"""	"""scarf,mittens,"""	""""""	"""1"""	"""scarf,"""
"3UOMW19E6D6W8ZTACL16N3BU6KE5CT"	"3LJ9P5KQ15GVMWDO317A8Q2HQ16YTX"	"What is he talking about? (1-2 mins)"	"Short and fun! A 1-2 minute word game about what someone is talking about."	"experiment, psychology, game"	"$0.25"	"Mon Mar 23 16:11:10 EDT 2015"	"50"	"0"	"0"	"0"	"Reviewable"	"NotReviewed"	"1 scales"	"600"	"60000"	"Mon Mar 30 16:11:10 EDT 2015"	"https://requester.mturk.com/mturk/manageHIT?HITId=3UOMW19E6D6W8ZTACL16N3BU6KE5CT"	"3BQU611VFPKGY8MDTT9YMDAAG5W991"	"A1YH4LT7EAYT47"	"Submitted"	"Tue Mar 24 09:06:35 EDT 2015"	"Mon Mar 23 16:25:44 EDT 2015"	"Mon Mar 23 16:26:35 EDT 2015"	""	""	""	""	""	"""Christmas tree"""	"""star"""	"[""presents"",""ornaments"",""lights""]"	"[""middle1"",""middle2""]"	"[""right"",""left""]"	"0"	"-1"	"2"	"0"	"0"	"11"	"0"	"0"	"-1"	"-1"	"-1"	"""TRUE"""	"""distractor2"""	"""FALSE"""	"-1"	"-1"	"-1"	"-1"	"-1"	"-1"	"""Not sure"""	"""No"""	"""24"""	"""m"""	"9"	"0"	"2"	"1"	"0"	"""5"""	"-1"	"""lights,ornaments,star,presents,"""	"""lights,star,"""	"""lights,star,"""	"""lights,ornaments,star,"""	"""0"""	"""lights,ornaments,star,presents,"""
"3UOMW19E6D6W8ZTACL16N3BU6KE5CT"	"3LJ9P5KQ15GVMWDO317A8Q2HQ16YTX"	"What is he talking about? (1-2 mins)"	"Short and fun! A 1-2 minute word game about what someone is talking about."	"experiment, psychology, game"	"$0.25"	"Mon Mar 23 16:11:10 EDT 2015"	"50"	"0"	"0"	"0"	"Reviewable"	"NotReviewed"	"1 scales"	"600"	"60000"	"Mon Mar 30 16:11:10 EDT 2015"	"https://requester.mturk.com/mturk/manageHIT?HITId=3UOMW19E6D6W8ZTACL16N3BU6KE5CT"	"3OONKJ5DKCJ2TO5GT26CA90PZ4KOB3"	"A1T30SXGKGKRYZ"	"Submitted"	"Tue Mar 24 09:07:15 EDT 2015"	"Mon Mar 23 16:25:58 EDT 2015"	"Mon Mar 23 16:27:15 EDT 2015"	""	""	""	""	""	"""Christmas tree"""	"""lights"""	"[""ornaments"",""star""]"	"[""middle1""]"	"[""right"",""left""]"	"0"	"-1"	"2"	"0"	"0"	"11"	"0"	"0"	"-1"	"-1"	"-1"	"""TRUE"""	"""distractor2"""	"""FALSE"""	"-1"	"-1"	"-1"	"-1"	"-1"	"-1"	"""Non verbal communication?"""	""""""	"""52"""	"""f"""	"5"	"0"	"0"	"2"	"1"	"""5"""	"-1"	"""lights,ornaments,star,"""	"""lights,"""	"""lights,star,"""	""""""	"""0"""	"""lights,ornaments,star,"""
"3UOMW19E6D6W8ZTACL16N3BU6KE5CT"	"3LJ9P5KQ15GVMWDO317A8Q2HQ16YTX"	"What is he talking about? (1-2 mins)"	"Short and fun! A 1-2 minute word game about what someone is talking about."	"experiment, psychology, game"	"$0.25"	"Mon Mar 23 16:11:10 EDT 2015"	"50"	"0"	"0"	"0"	"Reviewable"	"NotReviewed"	"1 scales"	"600"	"60000"	"Mon Mar 30 16:11:10 EDT 2015"	"https://requester.mturk.com/mturk/manageHIT?HITId=3UOMW19E6D6W8ZTACL16N3BU6KE5CT"	"38BQUHLA9W0YCF9DKRWLOPBJB3PMOR"	"AKB1IT758U2LU"	"Submitted"	"Tue Mar 24 09:08:59 EDT 2015"	"Mon Mar 23 16:28:17 EDT 2015"	"Mon Mar 23 16:28:59 EDT 2015"	""	""	""	""	""	"""boat"""	"""sail"""	"[""cabin"",""flag"",""motor""]"	"[""middle2""]"	"[""right"",""left"",""middle1""]"	"0"	"-1"	"1"	"0"	"0"	"11"	"0"	"0"	"-1"	"-1"	"-1"	"""TRUE"""	"""distractor1"""	"""FALSE"""	"-1"	"-1"	"-1"	"-1"	"-1"	"-1"	"""Bob renting sailboats"""	"""No"""	"""23"""	"""m"""	"9"	"0"	"0"	"2"	"1"	"""5"""	"-1"	"""motor,flag,"""	"""cabin,sail,motor,flag,"""	"""sail,motor,flag,"""	"""motor,flag,"""	"""3"""	"""motor,flag,"""
"3UOMW19E6D6W8ZTACL16N3BU6KE5CT"	"3LJ9P5KQ15GVMWDO317A8Q2HQ16YTX"	"What is he talking about? (1-2 mins)"	"Short and fun! A 1-2 minute word game about what someone is talking about."	"experiment, psychology, game"	"$0.25"	"Mon Mar 23 16:11:10 EDT 2015"	"50"	"0"	"0"	"0"	"Reviewable"	"NotReviewed"	"1 scales"	"600"	"60000"	"Mon Mar 30 16:11:10 EDT 2015"	"https://requester.mturk.com/mturk/manageHIT?HITId=3UOMW19E6D6W8ZTACL16N3BU6KE5CT"	"33SA9F9TRXU850Q2UFZCSBJW53XEW6"	"A1XWT5Q5HGYR12"	"Submitted"	"Tue Mar 24 09:09:11 EDT 2015"	"Mon Mar 23 16:28:42 EDT 2015"	"Mon Mar 23 16:29:11 EDT 2015"	""	""	""	""	""	"""pizza"""	"""peppers"""	"[""mushrooms"",""olives"",""sausage""]"	"[""left""]"	"[""right"",""middle1""]"	"0"	"-1"	"2"	"0"	"0"	"11"	"0"	"0"	"-1"	"-1"	"-1"	"""TRUE"""	"""distractor1"""	"""FALSE"""	"-1"	"-1"	"-1"	"-1"	"-1"	"-1"	"""not sure"""	"""none"""	"""22"""	"""m"""	"8"	"0"	"0"	"2"	"1"	"""5"""	"-1"	"""peppers,sausage,"""	"""mushrooms,olives,peppers,sausage,"""	"""olives,peppers,sausage,"""	""""""	"""2"""	"""olives,peppers,sausage,"""
"3UOMW19E6D6W8ZTACL16N3BU6KE5CT"	"3LJ9P5KQ15GVMWDO317A8Q2HQ16YTX"	"What is he talking about? (1-2 mins)"	"Short and fun! A 1-2 minute word game about what someone is talking about."	"experiment, psychology, game"	"$0.25"	"Mon Mar 23 16:11:10 EDT 2015"	"50"	"0"	"0"	"0"	"Reviewable"	"NotReviewed"	"1 scales"	"600"	"60000"	"Mon Mar 30 16:11:10 EDT 2015"	"https://requester.mturk.com/mturk/manageHIT?HITId=3UOMW19E6D6W8ZTACL16N3BU6KE5CT"	"3A7Y0R2P2OOV5GHKIL6PRAAVJDZJXP"	"AOV4U0YLQ2L4X"	"Submitted"	"Tue Mar 24 09:09:15 EDT 2015"	"Mon Mar 23 16:28:32 EDT 2015"	"Mon Mar 23 16:29:15 EDT 2015"	""	""	""	""	""	"""pizza"""	"""olives"""	"[""peppers"",""mushrooms""]"	"[""middle1""]"	"[""left"",""right""]"	"0"	"-1"	"1"	"0"	"0"	"11"	"0"	"0"	"-1"	"-1"	"-1"	"""TRUE"""	"""distractor2"""	"""FALSE"""	"-1"	"-1"	"-1"	"-1"	"-1"	"-1"	"""Bob and his pizzas"""	""""""	"""24"""	"""m"""	"5"	"0"	"2"	"0"	"1"	"""5"""	"-1"	"""mushrooms,"""	"""mushrooms,olives,"""	"""mushrooms,olives,peppers,"""	""""""	"""2"""	"""mushrooms,olives,peppers,"""
"3UOMW19E6D6W8ZTACL16N3BU6KE5CT"	"3LJ9P5KQ15GVMWDO317A8Q2HQ16YTX"	"What is he talking about? (1-2 mins)"	"Short and fun! A 1-2 minute word game about what someone is talking about."	"experiment, psychology, game"	"$0.25"	"Mon Mar 23 16:11:10 EDT 2015"	"50"	"0"	"0"	"0"	"Reviewable"	"NotReviewed"	"1 scales"	"600"	"60000"	"Mon Mar 30 16:11:10 EDT 2015"	"https://requester.mturk.com/mturk/manageHIT?HITId=3UOMW19E6D6W8ZTACL16N3BU6KE5CT"	"37WLF8U1WPQDXL36ZJXBSCXO1Y06KH"	"A1XI187ODWV9ID"	"Submitted"	"Tue Mar 24 09:09:28 EDT 2015"	"Mon Mar 23 16:28:55 EDT 2015"	"Mon Mar 23 16:29:28 EDT 2015"	""	""	""	""	""	"""pizza"""	"""mushrooms"""	"[""peppers"",""olives"",""sausage""]"	"[""left"",""middle1""]"	"[""middle2"",""right""]"	"0"	"-1"	"2"	"0"	"0"	"11"	"0"	"0"	"-1"	"-1"	"-1"	"""FALSE"""	"""distractor2"""	"""FALSE"""	"-1"	"-1"	"-1"	"-1"	"-1"	"-1"	"""pizza"""	""""""	"""29"""	"""m"""	"9"	"0"	"0"	"1"	"2"	"""5"""	"-1"	"""mushrooms,sausage,"""	"""mushrooms,sausage,"""	"""mushrooms,olives,sausage,"""	"""mushrooms,olives,peppers,sausage,"""	"""3"""	"""mushrooms,olives,peppers,sausage,"""
"3UOMW19E6D6W8ZTACL16N3BU6KE5CT"	"3LJ9P5KQ15GVMWDO317A8Q2HQ16YTX"	"What is he talking about? (1-2 mins)"	"Short and fun! A 1-2 minute word game about what someone is talking about."	"experiment, psychology, game"	"$0.25"	"Mon Mar 23 16:11:10 EDT 2015"	"50"	"0"	"0"	"0"	"Reviewable"	"NotReviewed"	"1 scales"	"600"	"60000"	"Mon Mar 30 16:11:10 EDT 2015"	"https://requester.mturk.com/mturk/manageHIT?HITId=3UOMW19E6D6W8ZTACL16N3BU6KE5CT"	"3DUZQ9U6SMOW0UVF50ELVQ4XZL3VSD"	"A2J9RNKXNLRKVC"	"Submitted"	"Tue Mar 24 09:09:35 EDT 2015"	"Mon Mar 23 16:28:38 EDT 2015"	"Mon Mar 23 16:29:35 EDT 2015"	""	""	""	""	""	"""pizza"""	"""olives"""	"[""mushrooms"",""peppers""]"	"[""right""]"	"[""left"",""middle1""]"	"0"	"-1"	"2"	"0"	"0"	"11"	"0"	"0"	"-1"	"-1"	"-1"	"""TRUE"""	"""target"""	"""TRUE"""	"-1"	"-1"	"-1"	"-1"	"-1"	"-1"	"""pizaa yum"""	"""now i want pizza"""	"""34"""	"""m"""	"5"	"0"	"0"	"1"	"2"	"""5"""	"-1"	"""olives,peppers,"""	"""mushrooms,olives,peppers,"""	"""olives,"""	""""""	"""2"""	"""olives,"""
"3UOMW19E6D6W8ZTACL16N3BU6KE5CT"	"3LJ9P5KQ15GVMWDO317A8Q2HQ16YTX"	"What is he talking about? (1-2 mins)"	"Short and fun! A 1-2 minute word game about what someone is talking about."	"experiment, psychology, game"	"$0.25"	"Mon Mar 23 16:11:10 EDT 2015"	"50"	"0"	"0"	"0"	"Reviewable"	"NotReviewed"	"1 scales"	"600"	"60000"	"Mon Mar 30 16:11:10 EDT 2015"	"https://requester.mturk.com/mturk/manageHIT?HITId=3UOMW19E6D6W8ZTACL16N3BU6KE5CT"	"3N8OEVH1FRQMCIUPX7BYGT0O633OO7"	"A1OK974KXKO6FJ"	"Submitted"	"Tue Mar 24 09:09:36 EDT 2015"	"Mon Mar 23 16:28:57 EDT 2015"	"Mon Mar 23 16:29:36 EDT 2015"	""	""	""	""	""	"""friend"""	"""glasses"""	"[""hat"",""bowtie"",""mustache""]"	"[""left""]"	"[""right"",""middle2"",""middle1""]"	"0"	"-1"	"1"	"0"	"0"	"11"	"0"	"0"	"-1"	"-1"	"-1"	"""TRUE"""	"""distractor3"""	"""FALSE"""	"-1"	"-1"	"-1"	"-1"	"-1"	"-1"	"""no idea"""	""""""	"""39"""	"""m"""	"9"	"0"	"0"	"1"	"2"	"""5"""	"-1"	"""glasses,mustache,bowtie,"""	"""hat,glasses,mustache,bowtie,"""	"""mustache,bowtie,"""	"""mustache,bowtie,"""	"""1"""	"""hat,glasses,mustache,bowtie,"""
"3UOMW19E6D6W8ZTACL16N3BU6KE5CT"	"3LJ9P5KQ15GVMWDO317A8Q2HQ16YTX"	"What is he talking about? (1-2 mins)"	"Short and fun! A 1-2 minute word game about what someone is talking about."	"experiment, psychology, game"	"$0.25"	"Mon Mar 23 16:11:10 EDT 2015"	"50"	"0"	"0"	"0"	"Reviewable"	"NotReviewed"	"1 scales"	"600"	"60000"	"Mon Mar 30 16:11:10 EDT 2015"	"https://requester.mturk.com/mturk/manageHIT?HITId=3UOMW19E6D6W8ZTACL16N3BU6KE5CT"	"34S6N1K2ZVJ4EG55G20G43ZTZCLHLW"	"A1ZSXE1V7GWZ47"	"Submitted"	"Tue Mar 24 09:09:43 EDT 2015"	"Mon Mar 23 16:28:37 EDT 2015"	"Mon Mar 23 16:29:43 EDT 2015"	""	""	""	""	""	"""pizza"""	"""mushrooms"""	"[""peppers"",""olives""]"	"[""left"",""middle2""]"	"[""middle1"",""right""]"	"0"	"-1"	"2"	"0"	"0"	"11"	"0"	"0"	"-1"	"-1"	"-1"	"""TRUE"""	"""target"""	"""TRUE"""	"-1"	"-1"	"-1"	"-1"	"-1"	"-1"	"""language, pizza"""	""""""	""""""	"""f"""	"6"	"0"	"2"	"1"	"0"	"""5"""	"-1"	"""mushrooms,"""	"""mushrooms,olives,"""	"""mushrooms,"""	"""mushrooms,olives,peppers,"""	"""2"""	"""mushrooms,"""
"3UOMW19E6D6W8ZTACL16N3BU6KE5CT"	"3LJ9P5KQ15GVMWDO317A8Q2HQ16YTX"	"What is he talking about? (1-2 mins)"	"Short and fun! A 1-2 minute word game about what someone is talking about."	"experiment, psychology, game"	"$0.25"	"Mon Mar 23 16:11:10 EDT 2015"	"50"	"0"	"0"	"0"	"Reviewable"	"NotReviewed"	"1 scales"	"600"	"60000"	"Mon Mar 30 16:11:10 EDT 2015"	"https://requester.mturk.com/mturk/manageHIT?HITId=3UOMW19E6D6W8ZTACL16N3BU6KE5CT"	"3WEV0KO0OMSA6DVTEFERP4YQZE0SDC"	"A3OEQPP51YIIMQ"	"Submitted"	"Tue Mar 24 09:09:50 EDT 2015"	"Mon Mar 23 16:29:21 EDT 2015"	"Mon Mar 23 16:29:50 EDT 2015"	""	""	""	""	""	"""Christmas tree"""	"""lights"""	"[""ornaments"",""star""]"	"[""middle1"",""middle2""]"	"[""left"",""right""]"	"0"	"-1"	"2"	"0"	"0"	"11"	"0"	"0"	"-1"	"-1"	"-1"	"""TRUE"""	"""distractor2"""	"""FALSE"""	"-1"	"-1"	"-1"	"-1"	"-1"	"-1"	"""trees"""	"""no"""	"""23"""	"""m"""	"6"	"0"	"1"	"0"	"2"	"""5"""	"-1"	"""lights,star,"""	"""lights,"""	"""lights,"""	"""lights,ornaments,star,"""	"""3"""	"""lights,ornaments,star,"""
"3UOMW19E6D6W8ZTACL16N3BU6KE5CT"	"3LJ9P5KQ15GVMWDO317A8Q2HQ16YTX"	"What is he talking about? (1-2 mins)"	"Short and fun! A 1-2 minute word game about what someone is talking about."	"experiment, psychology, game"	"$0.25"	"Mon Mar 23 16:11:10 EDT 2015"	"50"	"0"	"0"	"0"	"Reviewable"	"NotReviewed"	"1 scales"	"600"	"60000"	"Mon Mar 30 16:11:10 EDT 2015"	"https://requester.mturk.com/mturk/manageHIT?HITId=3UOMW19E6D6W8ZTACL16N3BU6KE5CT"	"3EFE17QCRC5RIT0V0BXHGPDOR6THSA"	"AOTCPS24JM5DQ"	"Submitted"	"Tue Mar 24 09:09:54 EDT 2015"	"Mon Mar 23 16:29:07 EDT 2015"	"Mon Mar 23 16:29:54 EDT 2015"	""	""	""	""	""	"""snowman"""	"""scarf"""	"[""hat"",""mittens""]"	"[""right"",""middle2""]"	"[""left"",""middle1""]"	"0"	"-1"	"2"	"0"	"0"	"11"	"0"	"0"	"-1"	"-1"	"-1"	"""TRUE"""	"""distractor2"""	"""FALSE"""	"-1"	"-1"	"-1"	"-1"	"-1"	"-1"	"""snowman"""	"""none"""	"""24"""	"""m"""	"6"	"0"	"0"	"1"	"2"	"""5"""	"-1"	"""scarf,mittens,"""	"""hat,scarf,mittens,"""	"""scarf,"""	"""scarf,"""	"""1"""	"""hat,scarf,mittens,"""
"3UOMW19E6D6W8ZTACL16N3BU6KE5CT"	"3LJ9P5KQ15GVMWDO317A8Q2HQ16YTX"	"What is he talking about? (1-2 mins)"	"Short and fun! A 1-2 minute word game about what someone is talking about."	"experiment, psychology, game"	"$0.25"	"Mon Mar 23 16:11:10 EDT 2015"	"50"	"0"	"0"	"0"	"Reviewable"	"NotReviewed"	"1 scales"	"600"	"60000"	"Mon Mar 30 16:11:10 EDT 2015"	"https://requester.mturk.com/mturk/manageHIT?HITId=3UOMW19E6D6W8ZTACL16N3BU6KE5CT"	"3TY7ZAOG5FKIJAHRXUHUJBNXOVEK0U"	"A1W7NEHKLKU0P"	"Submitted"	"Tue Mar 24 09:09:54 EDT 2015"	"Mon Mar 23 16:28:59 EDT 2015"	"Mon Mar 23 16:29:54 EDT 2015"	""	""	""	""	""	"""Christmas tree"""	"""lights"""	"[""ornaments"",""star"",""presents""]"	"[""right""]"	"[""middle2"",""middle1"",""left""]"	"0"	"-1"	"1"	"0"	"0"	"11"	"0"	"0"	"-1"	"-1"	"-1"	"""TRUE"""	"""distractor3"""	"""FALSE"""	"-1"	"-1"	"-1"	"-1"	"-1"	"-1"	"""Bob and his weird words for Christmas trees"""	"""No"""	"""38"""	"""m"""	"9"	"0"	"2"	"0"	"1"	"""5"""	"-1"	"""lights,ornaments,star,presents,"""	"""star,presents,"""	"""star,presents,"""	"""lights,star,presents,"""	"""0"""	"""lights,ornaments,star,presents,"""
"3UOMW19E6D6W8ZTACL16N3BU6KE5CT"	"3LJ9P5KQ15GVMWDO317A8Q2HQ16YTX"	"What is he talking about? (1-2 mins)"	"Short and fun! A 1-2 minute word game about what someone is talking about."	"experiment, psychology, game"	"$0.25"	"Mon Mar 23 16:11:10 EDT 2015"	"50"	"0"	"0"	"0"	"Reviewable"	"NotReviewed"	"1 scales"	"600"	"60000"	"Mon Mar 30 16:11:10 EDT 2015"	"https://requester.mturk.com/mturk/manageHIT?HITId=3UOMW19E6D6W8ZTACL16N3BU6KE5CT"	"3WR9XG3T63BBNJS8X1FNR98OZNU47O"	"AB5RZ126VTHSE"	"Submitted"	"Tue Mar 24 09:09:55 EDT 2015"	"Mon Mar 23 16:29:17 EDT 2015"	"Mon Mar 23 16:29:55 EDT 2015"	""	""	""	""	""	"""Christmas tree"""	"""lights"""	"[""star"",""ornaments"",""presents""]"	"[""left""]"	"[""middle1"",""right"",""middle2""]"	"0"	"-1"	"1"	"0"	"0"	"11"	"0"	"0"	"-1"	"-1"	"-1"	"""TRUE"""	"""distractor3"""	"""FALSE"""	"-1"	"-1"	"-1"	"-1"	"-1"	"-1"	"""Picking the Christmas tree Bob describes"""	""""""	"""19"""	"""m"""	"9"	"0"	"1"	"0"	"2"	"""5"""	"-1"	"""lights,ornaments,presents,"""	"""ornaments,presents,"""	"""lights,ornaments,star,presents,"""	"""ornaments,presents,"""	"""2"""	"""lights,ornaments,star,presents,"""
"3UOMW19E6D6W8ZTACL16N3BU6KE5CT"	"3LJ9P5KQ15GVMWDO317A8Q2HQ16YTX"	"What is he talking about? (1-2 mins)"	"Short and fun! A 1-2 minute word game about what someone is talking about."	"experiment, psychology, game"	"$0.25"	"Mon Mar 23 16:11:10 EDT 2015"	"50"	"0"	"0"	"0"	"Reviewable"	"NotReviewed"	"1 scales"	"600"	"60000"	"Mon Mar 30 16:11:10 EDT 2015"	"https://requester.mturk.com/mturk/manageHIT?HITId=3UOMW19E6D6W8ZTACL16N3BU6KE5CT"	"3MHW492WW0DT2ZIAL3IZJH5R7WMMVT"	"A163SMFEUA1S6Y"	"Submitted"	"Tue Mar 24 09:09:59 EDT 2015"	"Mon Mar 23 16:28:50 EDT 2015"	"Mon Mar 23 16:29:59 EDT 2015"	""	""	""	""	""	"""snowman"""	"""mittens"""	"[""scarf"",""hat""]"	"[""right""]"	"[""middle1"",""left""]"	"0"	"-1"	"2"	"0"	"0"	"11"	"0"	"0"	"-1"	"-1"	"-1"	"""TRUE"""	"""distractor1"""	"""FALSE"""	"-1"	"-1"	"-1"	"-1"	"-1"	"-1"	"""what Bob might've said in relation to trimming Christmas trees and decorating snowmen?"""	"""I'm so confused"""	"""22"""	"""f"""	"5"	"0"	"0"	"2"	"1"	"""5"""	"-1"	"""hat,scarf,mittens,"""	"""hat,mittens,"""	"""mittens,"""	""""""	"""1"""	"""hat,mittens,"""
"3UOMW19E6D6W8ZTACL16N3BU6KE5CT"	"3LJ9P5KQ15GVMWDO317A8Q2HQ16YTX"	"What is he talking about? (1-2 mins)"	"Short and fun! A 1-2 minute word game about what someone is talking about."	"experiment, psychology, game"	"$0.25"	"Mon Mar 23 16:11:10 EDT 2015"	"50"	"0"	"0"	"0"	"Reviewable"	"NotReviewed"	"1 scales"	"600"	"60000"	"Mon Mar 30 16:11:10 EDT 2015"	"https://requester.mturk.com/mturk/manageHIT?HITId=3UOMW19E6D6W8ZTACL16N3BU6KE5CT"	"3NLZY2D53PPHR948ZSNADHRUQZGLQV"	"A3HB14FRXKFND6"	"Submitted"	"Tue Mar 24 09:10:05 EDT 2015"	"Mon Mar 23 16:29:03 EDT 2015"	"Mon Mar 23 16:30:05 EDT 2015"	""	""	""	""	""	"""boat"""	"""motor"""	"[""cabin"",""sail""]"	"[""middle1""]"	"[""right"",""left""]"	"0"	"-1"	"2"	"0"	"0"	"11"	"0"	"0"	"-1"	"-1"	"-1"	"""TRUE"""	"""target"""	"""TRUE"""	"-1"	"-1"	"-1"	"-1"	"-1"	"-1"	"""I have no idea what Christmas trees have to do with boats. """	"""This survey makes no sense."""	"""25"""	"""F"""	"5"	"0"	"1"	"0"	"2"	"""5"""	"-1"	"""cabin,sail,motor,"""	"""motor,"""	"""sail,motor,"""	""""""	"""1"""	"""motor,"""
"3UOMW19E6D6W8ZTACL16N3BU6KE5CT"	"3LJ9P5KQ15GVMWDO317A8Q2HQ16YTX"	"What is he talking about? (1-2 mins)"	"Short and fun! A 1-2 minute word game about what someone is talking about."	"experiment, psychology, game"	"$0.25"	"Mon Mar 23 16:11:10 EDT 2015"	"50"	"0"	"0"	"0"	"Reviewable"	"NotReviewed"	"1 scales"	"600"	"60000"	"Mon Mar 30 16:11:10 EDT 2015"	"https://requester.mturk.com/mturk/manageHIT?HITId=3UOMW19E6D6W8ZTACL16N3BU6KE5CT"	"3GM6G9ZBKNXEP7ELG8IKIZH6AB6MTD"	"APPZP50E4IOWJ"	"Submitted"	"Tue Mar 24 09:10:08 EDT 2015"	"Mon Mar 23 16:28:57 EDT 2015"	"Mon Mar 23 16:30:08 EDT 2015"	""	""	""	""	""	"""Christmas tree"""	"""star"""	"[""lights"",""ornaments""]"	"[""left""]"	"[""middle1"",""right""]"	"0"	"-1"	"2"	"0"	"0"	"11"	"0"	"0"	"-1"	"-1"	"-1"	"""TRUE"""	"""target"""	"""TRUE"""	"-1"	"-1"	"-1"	"-1"	"-1"	"-1"	"""interpreting vague language"""	""""""	"""37"""	"""m"""	"5"	"0"	"0"	"1"	"2"	"""5"""	"-1"	"""star,"""	"""ornaments,star,"""	"""lights,ornaments,star,"""	""""""	"""0"""	"""star,"""
"3UOMW19E6D6W8ZTACL16N3BU6KE5CT"	"3LJ9P5KQ15GVMWDO317A8Q2HQ16YTX"	"What is he talking about? (1-2 mins)"	"Short and fun! A 1-2 minute word game about what someone is talking about."	"experiment, psychology, game"	"$0.25"	"Mon Mar 23 16:11:10 EDT 2015"	"50"	"0"	"0"	"0"	"Reviewable"	"NotReviewed"	"1 scales"	"600"	"60000"	"Mon Mar 30 16:11:10 EDT 2015"	"https://requester.mturk.com/mturk/manageHIT?HITId=3UOMW19E6D6W8ZTACL16N3BU6KE5CT"	"3X87C8JFV6B4VMZYJ1KBP35PITOSQG"	"A12TLV71BFVV32"	"Submitted"	"Tue Mar 24 09:10:16 EDT 2015"	"Mon Mar 23 16:28:59 EDT 2015"	"Mon Mar 23 16:30:16 EDT 2015"	""	""	""	""	""	"""pizza"""	"""mushrooms"""	"[""peppers"",""olives"",""sausage""]"	"[""right""]"	"[""middle1"",""left""]"	"0"	"-1"	"2"	"0"	"0"	"11"	"0"	"0"	"-1"	"-1"	"-1"	"""TRUE"""	"""distractor2"""	"""FALSE"""	"-1"	"-1"	"-1"	"-1"	"-1"	"-1"	"""Which pizza Bob was talking about"""	"""Nope, thanks!"""	"""19"""	"""m"""	"8"	"0"	"1"	"2"	"0"	"""5"""	"-1"	"""mushrooms,olives,peppers,sausage,"""	"""mushrooms,olives,sausage,"""	"""mushrooms,sausage,"""	""""""	"""0"""	"""mushrooms,olives,peppers,sausage,"""
"3UOMW19E6D6W8ZTACL16N3BU6KE5CT"	"3LJ9P5KQ15GVMWDO317A8Q2HQ16YTX"	"What is he talking about? (1-2 mins)"	"Short and fun! A 1-2 minute word game about what someone is talking about."	"experiment, psychology, game"	"$0.25"	"Mon Mar 23 16:11:10 EDT 2015"	"50"	"0"	"0"	"0"	"Reviewable"	"NotReviewed"	"1 scales"	"600"	"60000"	"Mon Mar 30 16:11:10 EDT 2015"	"https://requester.mturk.com/mturk/manageHIT?HITId=3UOMW19E6D6W8ZTACL16N3BU6KE5CT"	"3AUQQEL7U5TWZLB3WYV1LKYE4TLV0R"	"A2E3SM3T01ENIR"	"Submitted"	"Tue Mar 24 09:10:22 EDT 2015"	"Mon Mar 23 16:28:34 EDT 2015"	"Mon Mar 23 16:30:22 EDT 2015"	""	""	""	""	""	"""snowman"""	"""belt"""	"[""mittens"",""scarf"",""hat""]"	"[""right"",""middle2""]"	"[""left"",""middle1""]"	"0"	"-1"	"2"	"0"	"0"	"11"	"0"	"0"	"-1"	"-1"	"-1"	"""TRUE"""	"""distractor2"""	"""FALSE"""	"-1"	"-1"	"-1"	"-1"	"-1"	"-1"	"""Bob's mumbling about snowmen? I have no idea"""	""""""	"""33"""	"""m"""	"9"	"0"	"0"	"2"	"1"	"""5"""	"-1"	"""hat,scarf,belt,"""	"""hat,scarf,mittens,belt,"""	"""hat,belt,"""	"""hat,belt,"""	"""1"""	"""hat,scarf,mittens,belt,"""
"3UOMW19E6D6W8ZTACL16N3BU6KE5CT"	"3LJ9P5KQ15GVMWDO317A8Q2HQ16YTX"	"What is he talking about? (1-2 mins)"	"Short and fun! A 1-2 minute word game about what someone is talking about."	"experiment, psychology, game"	"$0.25"	"Mon Mar 23 16:11:10 EDT 2015"	"50"	"0"	"0"	"0"	"Reviewable"	"NotReviewed"	"1 scales"	"600"	"60000"	"Mon Mar 30 16:11:10 EDT 2015"	"https://requester.mturk.com/mturk/manageHIT?HITId=3UOMW19E6D6W8ZTACL16N3BU6KE5CT"	"31LVTDXBL7AH3AJ8C7CAI71ZMLILRW"	"A28RX7L0QZ993M"	"Submitted"	"Tue Mar 24 09:10:33 EDT 2015"	"Mon Mar 23 16:29:14 EDT 2015"	"Mon Mar 23 16:30:33 EDT 2015"	""	""	""	""	""	"""boat"""	"""motor"""	"[""sail"",""cabin""]"	"[""middle1""]"	"[""right"",""middle2"",""left""]"	"0"	"-1"	"1"	"0"	"0"	"11"	"0"	"0"	"-1"	"-1"	"-1"	"""TRUE"""	"""target"""	"""TRUE"""	"-1"	"-1"	"-1"	"-1"	"-1"	"-1"	"""Perceptions of other's preferences based on visual appearance"""	"""No comments"""	"""34"""	"""m"""	"6"	"0"	"1"	"2"	"0"	"""5"""	"-1"	"""cabin,sail,motor,"""	"""cabin,motor,"""	"""cabin,"""	"""cabin,"""	"""1"""	"""cabin,motor,"""
"3UOMW19E6D6W8ZTACL16N3BU6KE5CT"	"3LJ9P5KQ15GVMWDO317A8Q2HQ16YTX"	"What is he talking about? (1-2 mins)"	"Short and fun! A 1-2 minute word game about what someone is talking about."	"experiment, psychology, game"	"$0.25"	"Mon Mar 23 16:11:10 EDT 2015"	"50"	"0"	"0"	"0"	"Reviewable"	"NotReviewed"	"1 scales"	"600"	"60000"	"Mon Mar 30 16:11:10 EDT 2015"	"https://requester.mturk.com/mturk/manageHIT?HITId=3UOMW19E6D6W8ZTACL16N3BU6KE5CT"	"33FBRBDW6OZII1A60LDBO7G72KHC8W"	"A3FYJQQRZL4KJ8"	"Submitted"	"Tue Mar 24 09:10:48 EDT 2015"	"Mon Mar 23 16:29:15 EDT 2015"	"Mon Mar 23 16:30:48 EDT 2015"	""	""	""	""	""	"""pizza"""	"""peppers"""	"[""mushrooms"",""sausage"",""olives""]"	"[""middle1""]"	"[""left"",""right""]"	"0"	"-1"	"2"	"0"	"0"	"11"	"0"	"0"	"-1"	"-1"	"-1"	"""TRUE"""	"""target"""	"""TRUE"""	"-1"	"-1"	"-1"	"-1"	"-1"	"-1"	"""To see how people process limited information."""	"""It said christmas tree but there was no christmas tree only pizzas. That had to be an error."""	"""27"""	"""m"""	"8"	"0"	"2"	"1"	"0"	"""5"""	"-1"	"""olives,peppers,sausage,"""	"""olives,peppers,"""	"""mushrooms,olives,peppers,sausage,"""	""""""	"""1"""	"""olives,peppers,"""
"3UOMW19E6D6W8ZTACL16N3BU6KE5CT"	"3LJ9P5KQ15GVMWDO317A8Q2HQ16YTX"	"What is he talking about? (1-2 mins)"	"Short and fun! A 1-2 minute word game about what someone is talking about."	"experiment, psychology, game"	"$0.25"	"Mon Mar 23 16:11:10 EDT 2015"	"50"	"0"	"0"	"0"	"Reviewable"	"NotReviewed"	"1 scales"	"600"	"60000"	"Mon Mar 30 16:11:10 EDT 2015"	"https://requester.mturk.com/mturk/manageHIT?HITId=3UOMW19E6D6W8ZTACL16N3BU6KE5CT"	"33FOTY3KEML071QL104W9XTZOEB1C1"	"AYZZ0MBO9EQT5"	"Submitted"	"Tue Mar 24 09:10:51 EDT 2015"	"Mon Mar 23 16:28:51 EDT 2015"	"Mon Mar 23 16:30:51 EDT 2015"	""	""	""	""	""	"""snowman"""	"""belt"""	"[""scarf"",""mittens"",""hat""]"	"[""middle1"",""middle2""]"	"[""left"",""right""]"	"0"	"-1"	"2"	"0"	"0"	"11"	"0"	"0"	"-1"	"-1"	"-1"	"""TRUE"""	"""distractor1"""	"""FALSE"""	"-1"	"-1"	"-1"	"-1"	"-1"	"-1"	"""Decorating a snowman"""	"""Would love to see the results"""	"""63"""	"""f"""	"9"	"0"	"2"	"1"	"0"	"""5"""	"-1"	"""hat,mittens,belt,"""	"""hat,belt,"""	"""hat,belt,"""	"""hat,scarf,mittens,belt,"""	"""0"""	"""hat,mittens,belt,"""
"3UOMW19E6D6W8ZTACL16N3BU6KE5CT"	"3LJ9P5KQ15GVMWDO317A8Q2HQ16YTX"	"What is he talking about? (1-2 mins)"	"Short and fun! A 1-2 minute word game about what someone is talking about."	"experiment, psychology, game"	"$0.25"	"Mon Mar 23 16:11:10 EDT 2015"	"50"	"0"	"0"	"0"	"Reviewable"	"NotReviewed"	"1 scales"	"600"	"60000"	"Mon Mar 30 16:11:10 EDT 2015"	"https://requester.mturk.com/mturk/manageHIT?HITId=3UOMW19E6D6W8ZTACL16N3BU6KE5CT"	"3FE2ERCCZX84XI6QC7OD5T5EG8ZOPO"	"A8IKUNH6CS0Q9"	"Submitted"	"Tue Mar 24 09:11:19 EDT 2015"	"Mon Mar 23 16:29:29 EDT 2015"	"Mon Mar 23 16:31:19 EDT 2015"	""	""	""	""	""	"""snowman"""	"""hat"""	"[""mittens"",""belt"",""scarf""]"	"[""right""]"	"[""middle1"",""left""]"	"0"	"-1"	"1"	"0"	"0"	"11"	"0"	"0"	"-1"	"-1"	"-1"	"""FALSE"""	"""distractor2"""	"""FALSE"""	"-1"	"-1"	"-1"	"-1"	"-1"	"-1"	"""interpreting what someone said"""	""""""	"""30"""	"""m"""	"8"	"0"	"2"	"1"	"0"	"""5"""	"-1"	"""hat,scarf,mittens,belt,"""	"""scarf,belt,"""	"""hat,scarf,belt,"""	""""""	"""0"""	"""hat,scarf,mittens,belt,"""
